Time ,follicle
220,0.157396526
264,0.050819405
312,0.065168648
360,0.011377355
