Time ,Concentration
169,"	3.414400899"
172,"	2.763988472"
174,"	1.924346481"
176,"	0.99269222"
180,"	1.239682698"
184,"	0.558718325"
192,"	0.067363472"
204,"	0.016738126"
