"Time  	Concentration",
169,"	0.039452796"
180,"	0.025910983"
192,"	0.043859409"
