Time ,yolk
48,0.0053
72,0.0064
96,0.009668583
120,0.0127459
144,0.017971167
168,0.023364833
192,0.024768364
216,0.0244991
240,0.021436898
264,0.023071335
288,0.01502875
312,0.015191712
336,0.01130271
360,0.007611409
384,0.005308755
408,0.00551754
456,0.0050849
