Time ,follicle
244,0.161050539
288,0.042573555
336,0.018530572
