"Time  	Concentration",
4,"	0.024925"
8,"	0.011175"
12,"	0.004575"
18,"	0.002175"
