"Time  	Concentration",
4,"	0.797025"
8,"	0.281325"
12,"	0.119575"
18,"	0.040225"
24,"	0.01045"
30,"	0.0044"
