Time ,follicle
301,0.250911926
304,0.303732703
306,0.22868106
308,0.187821522
312,0.10547522
316,0.090220162
324,0.138875801
336,0.085507498
348,0.065473432
