Time,Concentration
169,"	0.05148555"
172,"	0.231213969"
174,"	0.161834844"
176,"	0.039789665"
180,"	0.045397175"
184,"	0.020639327"
