Time ,Concentration
229,"	0.031338543"
232,"	0.024384236"
234,"	0.047486022"
236,"	0.034220252"
240,"	0.034549392"
252,"	0.025961275"
264,"	0.010526796"
