"Time  	Concentration",
169,"	0.01166148"
192,"	0.015754375"
