Time ,white,SD
192,0.026563569,0.007471507
216,0.023779863,0.005957861
240,0.011916589,
264,,
288,,
312,,
336,,
360,,
