"Time  	Concentration",
4,"	0.0684"
8,"	0.027925"
12,"	0.00915"
18,"	0.00435"
