Time ,white
192,0.0080308
216,0.00920225
240,
264,
288,
312,
336,
360,
384,
408,
456,
