Time ,white
48,0.007664636
72,0.00804175
96,0.006623583
120,0.006688125
144,0.0074638
168,0.007318636
192,0.0080308
216,0.00920225
240,
264,
288,
312,
336,
360,
384,
408,
456,
